,"درپوش سوکت
(تعداد در کیسه)","درپوش لوله
(تعداد در کیسه)","اسپیسر
(تعداد در کیسه)","سیکل بلینگ
(ثانیه)",حفره بلینگ,"وزن یک متر لوله
(کیلو گرم)",ZB332,PNR230,آسیابی,ضد آتش,"وزن یک متر کاور به گرم
(رول صنعتی)"
سایز 40,800,600,120,26,3,0.129,17.7,70.82,7.98,3.5,129
سایز 50,700,500,100,28,3,0.29,17.7,70.82,7.98,3.5,120
سایز 75,350,250,35,32,2,0.465,17.7,70.82,7.98,3.5,165
سایز 110,150,120,30,30,2,0.945,17.7,70.82,7.98,3.5,164
سایز 125,110,90,50,42,1,1.2,17.7,70.82,7.98,3.5,152
سایز 160,65,50,110,60,1,1.9,17.7,70.82,7.98,3.5,132
سایز 200,36,36,0,95,1,2.925,19.32,77.29,0,3.38,160
,,,,,,,,,,,
کد کالا,سایز اسمی,"متراژ اسمی
(نماد)",شرح,طول کاور برای هر متراژ اسمی به سانتیمتر,تعداد در هر بسته,تعداد اسپیسر در هر بسته,"تعداد سوکت
برای هر شاخه",تعداد درپوش لوله برای هر شاخه,طول برش واقعی لوله,سرعت تولید لوله (متر بر دقیقه),سرعت تولید لوله در بعضی مواقع ممکن است فرق کند
70004003,40,40×30 E,لوله 40 سی سانتی یکسر سوکت,62,18,1,1,1,0.37,3,
70004005,40,40×50 E,لوله 40 نیم متری یکسر سوکت,88,18,2,1,1,0.57,3,
70004010,40,40×100 E,لوله 40 یک متری یکسر سوکت,138,18,2,1,1,1.07,3.5,
70004020,40,40×200 E,لوله 40 دو متری یکسر سوکت,239,18,3,1,1,2.07,3.5,
70004030,40,40×300 E,لوله 40 سه متری یکسر سوکت,339,18,3,1,1,3.07,3.5,
70204005,40,40×50 D,لوله 40 نیم متری دوسر سوکت,86,18,2,2,0,0.64,3.5,
70204010,40,40×100 D,لوله 40 یک متری دوسر سوکت,136,18,2,2,0,1.14,3.5,
70204020,40,40×200 D,لوله 40 دو متری دوسر سوکت,236,18,3,2,0,2.14,3.5,
70204030,40,40×300 D,لوله 40 سه متری دوسر سوکت,337,18,3,2,0,3.14,3.5,
70005003,50,50×30 E,لوله 50 سی سانتی یکسر سوکت,64,10,1,1,1,0.37,3,
70005005,50,50×50 E,لوله 50 نیم متری یکسر سوکت,80,10,2,1,1,0.57,2.8,
70005010,50,50×100 E,لوله 50 یک متری یکسر سوکت,130,10,2,1,1,1.07,3.5,
70005020,50,50×200 E,لوله 50 دو متری یکسر سوکت,231,10,3,1,1,2.07,3.5,
70005030,50,50×300 E,لوله 50 سه متری یکسر سوکت,335,10,3,1,1,3.07,3.5,
70205005,50,50×50 D,لوله 50 نیم متری دوسر سوکت,86,10,2,2,0,0.64,2.8,
70205010,50,50×100 D,لوله 50 یک متری دوسر سوکت,136,10,2,2,0,1.14,3.5,
70205020,50,50×200 D,لوله 50 دو متری دوسر سوکت,236,10,3,2,0,2.14,3.5,
70205030,50,50×300 D,لوله 50 سه متری دوسر سوکت,337,10,3,2,0,3.14,3.5,
70007503,75,75×30 E,لوله 75 سی سانتی یکسر سوکت,71,10,1,1,1,0.37,2.5,
70007505,75,75×50 E,لوله 75 نیم متری یکسر سوکت,91,10,2,1,1,0.57,2.5,
70007510,75,75×100 E,لوله 75 یک متری یکسر سوکت,138,10,2,1,1,1.07,3,
70007520,75,75×200 E,لوله 75 دو متری یکسر سوکت,238,10,3,1,1,2.07,3,
70007530,75,75×300 E,لوله 75 سه متری یکسر سوکت,331,10,3,1,1,3.07,3,
70207505,75,75×50 D,لوله 75 نیم متری دوسر سوکت,96,10,2,2,0,0.64,3,
70207510,75,75×100 D,لوله 75 یک متری دوسر سوکت,143,10,2,2,0,1.14,3,
70207520,75,75×200 D,لوله 75 دو متری دوسر سوکت,243,10,3,2,0,2.14,3,
70207530,75,75×300 D,لوله 75 سه متری دوسر سوکت,341,10,3,2,0,3.14,3,
70011003,110,110×30 E,لوله 110 سی سانتی یکسر سوکت,77,6,1,1,1,0.37,2,
70011005,110,110×50 E,لوله 110 نیم متری یکسر سوکت,91,6,2,1,1,0.57,3,
70011010,110,110×100 E,لوله 110 یک متری یکسر سوکت,147,6,2,1,1,1.07,3,
70011020,110,110×200 E,لوله 110 دو متری یکسر سوکت,247,6,3,1,1,2.07,3,
70011030,110,110×300 E,لوله 110 سه متری یکسر سوکت,345,6,3,1,1,3.07,3,
70211005,110,110×50 D,لوله 110 نیم متری دوسر سوکت,96,6,2,2,0,0.64,3,
70211010,110,110×100 D,لوله 110 یک متری دوسر سوکت,152,6,2,2,0,1.14,3,
70211020,110,110×200 D,لوله 110 دو متری دوسر سوکت,254,6,3,2,0,2.14,3,
70211030,110,110×300 D,لوله 110 سه متری دوسر سوکت,351,6,3,2,0,3.14,3,
70012503,125,125×30 E,لوله 125 سی سانتی یکسر سوکت,81,4,1,1,1,0.37,1.7,
70012505,125,125×50 E,لوله 125 نیم متری یکسر سوکت,102,4,2,1,1,0.57,1.7,
70012510,125,125×100 E,لوله 125 یک متری یکسر سوکت,153,4,2,1,1,1.07,1.7,
70012520,125,125×200 E,لوله 125 دو متری یکسر سوکت,250,4,3,1,1,2.07,1.7,
70012530,125,125×300 E,لوله 125 سه متری یکسر سوکت,351,4,3,1,1,3.07,1.7,
70212505,125,125×50 D,لوله 125 نیم متری دوسر سوکت,110,4,2,2,0,0.64,1.7,
70212510,125,125×100 D,لوله 125 یک متری دوسر سوکت,160,4,2,2,0,1.14,1.7,
70212520,125,125×200 D,لوله 125 دو متری دوسر سوکت,259,4,3,2,0,2.14,1.7,
70212530,125,125×300 D,لوله 125 سه متری دوسر سوکت,359,4,3,2,0,3.14,1.7,
70016003,160,160×30 E,لوله 160 سی سانتی یکسر سوکت,63,2,1,1,1,0.37,1.1,
70016005,160,160×50 E,لوله 160 نیم متری یکسر سوکت,90,2,2,1,1,0.57,1.1,
70016010,160,160×100 E,لوله 160 یک متری یکسر سوکت,132,2,2,1,1,1.07,1.1,
70016020,160,160×200 E,لوله 160 دو متری یکسر سوکت,234,2,3,1,1,2.07,1.1,
70016030,160,160×300 E,لوله 160 سه متری یکسر سوکت,333,2,3,1,1,3.07,1.1,
70216005,160,160×50 D,لوله 160 نیم متری دوسر سوکت,96,2,2,2,0,0.64,1.1,
70216010,160,160×100 D,لوله 160 یک متری دوسر سوکت,175,2,2,2,0,1.14,1.1,
70216020,160,160×200 D,لوله 160 دو متری دوسر سوکت,275,2,3,2,0,2.14,1.1,
70216030,160,160×300 D,لوله 160 سه متری دوسر سوکت,375,2,3,2,0,3.14,1.1,
70020003,200,200×30 E,لوله 200 سی سانتی یکسر سوکت,78,,1,1,1,0.37,1,
70020005,200,200×50 E,لوله 200 نیم متری یکسر سوکت,102,,2,1,1,0.57,1,
70020010,200,200×100 E,لوله 200 یک متری یکسر سوکت,154,,2,1,1,1.07,1.7,
70020020,200,200×200 E,لوله 200 دو متری یکسر سوکت,252,,3,1,1,2.07,1.7,
70020030,200,200×300 E,لوله 200 سه متری یکسر سوکت,352,,3,1,1,3.07,1.7,
70220005,200,200×50 D,لوله 200 نیم متری دوسر سوکت,110,,2,2,0,0.64,1.7,
70220010,200,200×100 D,لوله 200 یک متری دوسر سوکت,164,,2,2,0,1.14,1.7,
70220020,200,200×200 D,لوله 200 دو متری دوسر سوکت,260,,3,2,0,2.14,1.7,
70220030,200,200×300 D,لوله 200 سه متری دوسر سوکت,360,,3,2,0,3.14,1.7,
