,,,,,,,درصد وزنی لایه میانی,درصد وزنی لایه میانی,درصد وزنی لایه میانی,درصد وزنی لایه میانی,درصد وزنی لایه درونی و بیرنی,درصد وزنی لایه درونی و بیرنی,درصد ترکیب در لوله,درصد ترکیب در لوله,
,"درپوش سوکت
(تعداد در کیسه)","درپوش لوله
(تعداد در کیسه)","اسپیسر
(تعداد در کیسه)","سیکل بلینگ
(ثانیه)",حفره بلینگ,"وزن یک متر لوله
(کیلو گرم)",مواد  سا یلنت ا یرانی خط لوله,مواد کامپاند 1050 RC,مواد رطوبت گیر,مواد  آسیابی سایلنت 10,مواد نوید زر ZB332 - PP ,رنگ کرم سایلنت,لایه میانی,لایه درونی و بیرنی,"وزن یک متر کاور به گرم
(رول صنعتی)"
سایز 50,700,500,100,29,3,0.68,77.5,15,2.5,5,98.5,1.5,0.765,0.235,120
سایز 75,350,250,35,43,2,1.235,77.5,15,2.5,5,98.5,1.5,0.772,0.228,165
سایز 110,150,120,30,53,2,2.31,77.5,15,2.5,5,98.5,1.5,0.774,0.226,164
سایز 125,110,90,50,63,1,2.9,77.5,15,2.5,5,98.5,1.5,0.808,0.192,152
سایز 160,65,50,110,128,1,5.38,77.5,15,2.5,5,98.5,1.5,0.846,0.154,132
,,,,,,,,,,,,,,,
کد کالا,سایز اسمی,"متراژ اسمی
(نماد)",شرح,طول کاور برای هر متراژ اسمی به سانتیمتر,تعداد در هر بسته,تعداد اسپیسر در هر بسته,"تعداد سوکت
برای هر شاخه",تعداد درپوش لوله برای هر شاخه,طول برش واقعی لوله,سرعت تولید لوله (متر بر دقیقه),سرعت تولید لوله در بعضی مواقع ممکن است فرق کند,,,,
90005003,50,50×30 E,لوله 50 سی سانتی یکسر سوکت,64,10,1,1,1,0.37,3,,,,,
90005005,50,50×50 E,لوله 50 نیم متری یکسر سوکت,80,10,2,1,1,0.57,3,,,,,
90005010,50,50×100 E,لوله 50 یک متری یکسر سوکت,130,10,2,1,1,1.07,4,,,,,
90005020,50,50×200 E,لوله 50 دو متری یکسر سوکت,231,10,3,1,1,2.07,4,,,,,
90005030,50,50×300 E,لوله 50 سه متری یکسر سوکت,335,10,3,1,1,3.07,4,,,,,
90205005,50,50×50 D,لوله 50 نیم متری دوسر سوکت,86,10,2,2,0,0.64,4,,,,,
90205010,50,50×100 D,لوله 50 یک متری دوسر سوکت,136,10,2,2,0,1.14,4,,,,,
90205020,50,50×200 D,لوله 50 دو متری دوسر سوکت,236,10,3,2,0,2.14,4,,,,,
90205030,50,50×300 D,لوله 50 سه متری دوسر سوکت,337,10,3,2,0,3.14,4,,,,,
90007503,75,75×30 E,لوله 75 سی سانتی یکسر سوکت,71,10,1,1,1,0.37,3,,,,,
90007505,75,75×50 E,لوله 75 نیم متری یکسر سوکت,91,10,2,1,1,0.57,3,,,,,
90007510,75,75×100 E,لوله 75 یک متری یکسر سوکت,138,10,2,1,1,1.07,3,,,,,
90007520,75,75×200 E,لوله 75 دو متری یکسر سوکت,238,10,3,1,1,2.07,3,,,,,
90007530,75,75×300 E,لوله 75 سه متری یکسر سوکت,331,10,3,1,1,3.07,3,,,,,
90207505,75,75×50 D,لوله 75 نیم متری دوسر سوکت,96,10,2,2,0,0.64,3,,,,,
90207510,75,75×100 D,لوله 75 یک متری دوسر سوکت,143,10,2,2,0,1.14,3,,,,,
90207520,75,75×200 D,لوله 75 دو متری دوسر سوکت,243,10,3,2,0,2.14,3,,,,,
90207530,75,75×300 D,لوله 75 سه متری دوسر سوکت,341,10,3,2,0,3.14,3,,,,,
90011003,110,110×30 E,لوله 110 سی سانتی یکسر سوکت,77,6,1,1,1,0.39,1.8,,,,,
90011005,110,110×50 E,لوله 110 نیم متری یکسر سوکت,91,6,2,1,1,0.59,1.8,,,,,
90011010,110,110×100 E,لوله 110 یک متری یکسر سوکت,147,6,2,1,1,1.09,1.8,,,,,
90011020,110,110×200 E,لوله 110 دو متری یکسر سوکت,247,6,3,1,1,2.09,1.8,,,,,
90011030,110,110×300 E,لوله 110 سه متری یکسر سوکت,345,6,3,1,1,3.09,1.8,,,,,
90211005,110,110×50 D,لوله 110 نیم متری دوسر سوکت,96,6,2,2,0,0.67,1.8,,,,,
90211010,110,110×100 D,لوله 110 یک متری دوسر سوکت,152,6,2,2,0,1.17,1.8,,,,,
90211020,110,110×200 D,لوله 110 دو متری دوسر سوکت,254,6,3,2,0,2.17,1.8,,,,,
90211030,110,110×300 D,لوله 110 سه متری دوسر سوکت,351,6,3,2,0,3.17,1.8,,,,,
90012503,125,125×30 E,لوله 125 سی سانتی یکسر سوکت,81,4,1,1,1,0.39,1.5,,,,,
90012505,125,125×50 E,لوله 125 نیم متری یکسر سوکت,102,4,2,1,1,0.59,1.5,,,,,
90012510,125,125×100 E,لوله 125 یک متری یکسر سوکت,153,4,2,1,1,1.09,1.6,,,,,
90012520,125,125×200 E,لوله 125 دو متری یکسر سوکت,250,4,3,1,1,2.09,1.6,,,,,
90012530,125,125×300 E,لوله 125 سه متری یکسر سوکت,351,4,3,1,1,3.09,1.6,,,,,
90212505,125,125×50 D,لوله 125 نیم متری دوسر سوکت,110,4,2,2,0,0.67,1.6,,,,,
90212510,125,125×100 D,لوله 125 یک متری دوسر سوکت,160,4,2,2,0,1.17,1.6,,,,,
90212520,125,125×200 D,لوله 125 دو متری دوسر سوکت,259,4,3,2,0,2.18,1.6,,,,,
90212530,125,125×300 D,لوله 125 سه متری دوسر سوکت,359,4,3,2,0,3.18,1.6,,,,,
90016003,160,160×30 E,لوله 160 سی سانتی یکسر سوکت,63,2,1,1,1,0.4,0.9,,,,,
90016005,160,160×50 E,لوله 160 نیم متری یکسر سوکت,90,2,2,1,1,0.6,0.9,,,,,
90016010,160,160×100 E,لوله 160 یک متری یکسر سوکت,132,2,2,1,1,1.1,0.9,,,,,
90016020,160,160×200 E,لوله 160 دو متری یکسر سوکت,234,2,3,1,1,2.1,0.9,,,,,
90016030,160,160×300 E,لوله 160 سه متری یکسر سوکت,333,2,3,1,1,3.1,0.9,,,,,
90216005,160,160×50 D,لوله 160 نیم متری دوسر سوکت,96,2,2,2,0,0.69,0.9,,,,,
90216010,160,160×100 D,لوله 160 یک متری دوسر سوکت,175,2,2,2,0,1.19,0.9,,,,,
90216020,160,160×200 D,لوله 160 دو متری دوسر سوکت,275,2,3,2,0,2.2,0.9,,,,,
90216030,160,160×300 D,لوله 160 سه متری دوسر سوکت,375,2,3,2,0,3.2,0.9,,,,,
